"","tot.germ","pred.mass","treat.sh","tree.id","seedling.biomass"
"m1.1.a",0,0.0222813714132238,"pot","m1",NA
"m1.1.b",0,0.0225179194623651,"pot","m1",NA
"m1.2.a",1,0.022456189881244,"pot","m1",NA
"m1.2.b",1,0.0221660657107993,"near","m1",0.0025
"m1.3.b",1,0.0205394343519901,"far","m1",NA
"m1.4.a",0,0.0208945559783907,"near","m1",NA
"m1.5.b",0,0.0218768016472541,"near","m1",NA
"m1.6.b",1,0.0190643499896066,"far","m1",0.0276
"m1.7.a",1,0.0215037408521867,"far","m1",NA
"m1.8.a",1,0.0215398903291522,"far","m1",NA
"m1.9.b",0,0.0167398938159841,"far","m1",NA
"m1.10.a",1,0.0219160029066365,"pot","m1",NA
"m1.10.b",1,0.021294332384381,"pot","m1",NA
"m1.11.a",1,0.0196184292233493,"pot","m1",NA
"m1.12.a",0,0.0198436593728862,"pot","m1",NA
"m1.12.b",0,0.0192725815487569,"far","m1",NA
"m1.13.a",NA,0.0200476965054796,"near","m1",NA
"m1.13.b",1,0.0197130102087019,"pot","m1",NA
"m1.14.b",0,0.0203628535995828,"near","m1",NA
"m1.15.a",1,0.0220698263919946,"near","m1",0.0037
"m1.15.b",0,0.0218732977200286,"far","m1",NA
"m1.16.a",1,0.0181419805736963,"far","m1",0.017
"m1.16.b",1,0.0176989738808956,"pot","m1",NA
"m1.17.a",1,0.0224887328331351,"far","m1",NA
"m1.17.b",1,0.0208951662717859,"near","m1",NA
"m1.18.b",1,0.0194072299036051,"far","m1",0.008
"m1.19.a",1,0.0231272648248569,"pot","m1",NA
"m1.19.b",1,0.0227868288070677,"pot","m1",0.015
"m1.20.a",1,0.0225848961214398,"pot","m1",NA
"m1.21.a",0,0.0217347830573776,"pot","m1",NA
"m1.21.b",1,0.0213433308426361,"far","m1",NA
"m1.22.b",1,0.0212501255182996,"near","m1",NA
"m1.23.a",0,0.0214344546297671,"near","m1",NA
"m1.23.b",1,0.0202251075981826,"near","m1",NA
"m1.24.a",0,0.0204775278114403,"near","m1",NA
"m1.24.b",1,0.0222956428086207,"far","m1",NA
"m1.25.b",1,0.0208036049287853,"pot","m1",NA
"m1.26.a",NA,0.0219099802949154,"far","m1",NA
"m1.26.b",0,0.0211471966250563,"near","m1",NA
"m1.27.a",0,0.0224731584911707,"far","m1",NA
"m1.27.b",0,0.0210330056586566,"far","m1",NA
"m1.28.b",1,0.0208239357319603,"pot","m1",NA
"m1.29.a",0,0.0222330626559246,"pot","m1",NA
"m1.29.b",0,0.021362935326776,"near","m1",NA
"m1.30.b",0,0.0236974382607259,"far","m1",NA
"m1.32.a",1,0.0225744268486016,"near","m1",NA
"m1.32.b",NA,0.0211451888935594,"near","m1",0.0042
"m1.33.a",1,0.022163154386834,"near","m1",0.0232
"m1.33.b",1,0.0228781807158925,"far","m1",0.0217
"m1.37.a",1,0.0217574344271439,"pot","m1",0.0658
"m1.37.b",1,0.0229343024654451,"pot","m1",0.0039
"m1.39.a",0,0.0222051643429853,"pot","m1",NA
"m1.39.b",0,0.0210658297942187,"far","m1",NA
"m1.41.a",0,0.0212681332022561,"near","m1",NA
"m1.41.b",1,0.0203680473495205,"near","m1",NA
"m1.42.a",0,0.0215068599261417,"near","m1",NA
"m1.42.b",0,0.0229079035007764,"far","m1",NA
"m1.43.b",1,0.0212853597612672,"pot","m1",NA
"m1.44.a",0,0.0234625539468316,"far","m1",NA
"m1.46.a",1,0.0213757450113543,"pot","m1",NA
"m1.47.a",1,0.0213346168683318,"pot","m1",NA
"m1.48.b",1,0.0198579918780532,"far","m1",NA
"m1.49.b",NA,0.019017256104361,"pot","m1",NA
"m1.50.a",0,0.0202506291917045,"near","m1",NA
"m1.50.b",1,0.0215036656988333,"near","m1",NA
"m1.51.b",0,0.0185813520647135,"far","m1",NA
"m1.52.b",0,0.0212990467708259,"pot","m1",NA
"m1.53.b",0,0.0216552889808482,"near","m1",NA
"m1.54.b",1,0.022346189101645,"far","m1",NA
"m1.55.b",1,0.0207025685717219,"pot","m1",NA
"m1.56.a",1,0.0218550334024685,"pot","m1",NA
"m1.56.b",1,0.0217041838820327,"near","m1",0.0241
"m1.57.b",1,0.0218799341836922,"far","m1",NA
"m2.1.b",0,0.0185009086112127,"far","m2",NA
"m2.2.a",1,0.0169591714425161,"far","m2",NA
"m2.2.b",1,0.0170397502980057,"pot","m2",0.0303
"m2.3.a",1,0.0172511759125575,"far","m2",NA
"m2.3.b",0,0.0182965832819494,"near","m2",NA
"m2.4.a",0,0.0197890334982488,"far","m2",NA
"m2.4.b",0,0.0196096746129833,"far","m2",NA
"m2.6.a",1,0.0179712504385055,"pot","m2",NA
"m2.6.b",0,0.0175368793437864,"near","m2",NA
"m2.7.b",1,0.020786955351655,"far","m2",NA
"m2.8.b",1,0.0131695720897745,"pot","m2",NA
"m2.9.a",1,0.0165548127408528,"near","m2",NA
"m2.9.b",0,0.0158187482563818,"near","m2",NA
"m2.10.b",1,0.0183289951191723,"far","m2",0.0086
"m2.11.a",0,0.0204580908056678,"far","m2",NA
"m2.13.a",0,0.0190623135292898,"far","m2",NA
"m2.13.b",0,0.0191831200684077,"far","m2",NA
"m2.14.b",0,0.0198132091092213,"pot","m2",NA
"m2.15.a",1,0.0162059356855677,"pot","m2",NA
"m2.16.a",1,0.0181936074499657,"pot","m2",NA
"m2.16.b",0,0.019401336126194,"far","m2",NA
"m2.17.a",0,0.0172367749706817,"near","m2",NA
"m2.17.b",1,0.0189148484195355,"pot","m2",NA
"m2.18.a",0,0.019937816014514,"near","m2",NA
"m2.18.b",1,0.0191656069911183,"near","m2",NA
"m2.19.a",0,0.0207220626975391,"near","m2",NA
"m2.19.b",0,0.0205189943035576,"far","m2",NA
"m2.20.b",0,0.0153196848256008,"pot","m2",NA
"m2.21.b",0,0.0139133279762497,"near","m2",NA
"m2.22.b",1,0.0149443704398068,"far","m2",NA
"m2.23.b",1,0.0161822797664162,"pot","m2",NA
"m2.24.a",1,0.0180759472401223,"pot","m2",NA
"m2.25.a",1,0.0180238728161122,"pot","m2",NA
"m2.25.b",1,0.0184008504897478,"far","m2",0.0181
"m2.26.b",1,0.0173228496563994,"pot","m2",NA
"m2.27.a",1,0.0199618955886769,"near","m2",NA
"m2.27.b",0,0.0186046264951452,"near","m2",NA
"m2.28.b",0,0.0173075732481826,"far","m2",NA
"m2.29.b",0,0.016180775021431,"pot","m2",NA
"m2.30.a",0,0.0167718395990871,"far","m2",NA
"m2.30.b",0,0.0170016509011474,"near","m2",NA
"m2.31.a",0,0.0185975978937794,"far","m2",NA
"m2.31.b",0,0.0178854434415495,"far","m2",NA
"m2.32.a",0,0.0183156182176353,"pot","m2",NA
"m2.32.b",0,0.018616529472253,"pot","m2",NA
"m2.33.b",0,0.0183415837949478,"near","m2",NA
"m2.34.a",1,0.0202075801709174,"pot","m2",NA
"m2.34.b",1,0.0223895742405025,"far","m2",NA
"m2.36.b",1,0.0181229178453222,"near","m2",NA
"m2.37.a",1,0.0176668368891113,"near","m2",0.011
"m2.38.a",NA,0.0161219723927339,"far","m2",NA
"m2.38.b",1,0.0165541396990714,"pot","m2",NA
"m2.39.a",1,0.0173629623712259,"far","m2",NA
"m2.39.b",0,0.0173497935786091,"near","m2",NA
"m2.40.a",0,0.0167411229355238,"far","m2",NA
"m2.40.b",0,0.0176985890831182,"far","m2",NA
"m2.41.b",0,0.0167881747189232,"pot","m2",NA
"m2.42.b",0,0.0152982293317049,"near","m2",NA
"m2.43.b",1,0.0187506509167903,"far","m2",NA
"m2.44.b",1,0.021587943754755,"pot","m2",0.0179
"m2.45.b",1,0.0185392977572969,"near","m2",NA
"m2.46.b",1,0.0173590070954522,"far","m2",0.0092
"m2.47.a",0,0.0181396558200554,"far","m2",NA
"m2.47.b",1,0.0179104295839292,"pot","m2",NA
"m2.49.a",0,0.0185932849942733,"far","m2",NA
"m2.49.b",1,0.0197579387511419,"far","m2",NA
"m2.50.b",1,0.0165634109504049,"pot","m2",NA
"m2.51.a",1,0.0169330321660447,"pot","m2",NA
"m2.51.b",1,0.0177981475092557,"near","m2",NA
"m2.52.b",0,0.0137652437683132,"far","m2",NA
"m2.53.b",0,0.016621125975962,"pot","m2",NA
"m2.54.a",0,0.0182302043158095,"near","m2",NA
"m2.54.b",0,0.0176495142440635,"near","m2",NA
"m2.55.b",0,0.0168368792340229,"far","m2",NA
"m3.1.b",1,0.0181736334114864,"pot","m3",NA
"m3.2.b",1,0.0200530040623541,"near","m3",NA
"m3.3.b",0,0.0194083763490942,"far","m3",NA
"m3.4.a",1,0.0182954655546026,"pot","m3",NA
"m3.5.a",1,0.0179484842516097,"pot","m3",NA
"m3.5.b",1,0.0188758196593685,"near","m3",NA
"m3.6.a",1,0.0203674650312908,"pot","m3",NA
"m3.6.b",1,0.0201715795011742,"far","m3",NA
"m3.7.a",0,0.0175255032337738,"near","m3",NA
"m3.7.b",1,0.0188056149013225,"pot","m3",0.0235
"m3.8.a",1,0.0209233438773336,"near","m3",NA
"m3.9.a",0,0.0209364017986346,"near","m3",NA
"m3.10.a",1,0.0189624769069091,"far","m3",NA
"m3.12.b",0,0.0190753413791203,"far","m3",NA
"m3.13.b",1,0.0194549949487548,"pot","m3",NA
"m3.14.a",1,0.0203602702129579,"pot","m3",NA
"m3.15.a",1,0.0176074777780076,"pot","m3",NA
"m3.15.b",1,0.017698826076647,"far","m3",NA
"m3.18.a",NA,0.019461585302592,"near","m3",NA
"m3.19.a",0,0.0171941155271264,"far","m3",NA
"m3.19.b",1,0.0171846319352259,"pot","m3",0.0235
"m3.20.a",1,0.020852205896009,"far","m3",NA
"m3.21.a",0,0.0190748063848804,"far","m3",NA
"m3.21.b",1,0.0191593153120773,"far","m3",0.0099
"m3.22.a",1,0.0199995211723326,"pot","m3",NA
"m3.22.b",1,0.0195537570500909,"pot","m3",NA
"m3.23.b",1,0.0177780679053281,"near","m3",NA
"m3.24.a",0,0.0181049983694127,"pot","m3",NA
"m3.26.a",0,0.0202002386332974,"near","m3",NA
"m3.26.b",0,0.0201863473938678,"near","m3",NA
"m3.27.a",1,0.0199468429027851,"near","m3",0.0121
"m3.27.b",0,0.019401112510414,"far","m3",NA
"m3.28.a",1,0.0178250347360033,"far","m3",0.0351
"m3.28.b",0,0.0179662955521124,"pot","m3",NA
"m3.29.a",0,0.0187246339884267,"far","m3",NA
"m4.2.a",1,0.0224632711142094,"pot","m4",0.0049
"m4.2.b",0,0.022104507932888,"pot","m4",NA
"m4.3.a",0,0.0194668734640554,"pot","m4",NA
"m4.4.a",1,0.0234214561492074,"pot","m4",NA
"m4.4.b",1,0.0226732366060014,"far","m4",NA
"m4.6.a",0,0.0240657188157153,"near","m4",NA
"m4.6.b",NA,0.0236689197733356,"near","m4",NA
"m4.7.a",1,0.022086707417131,"near","m4",NA
"m4.7.b",1,0.0217271322945313,"far","m4",0.0146
"m4.8.b",0,0.0224972845265692,"pot","m4",NA
"m4.9.b",0,0.0208955337038584,"near","m4",NA
"m4.11.a",0,0.0202112866988393,"pot","m4",NA
"m4.11.b",1,0.0207458120141631,"pot","m4",NA
"m4.12.a",0,0.0194941914358425,"pot","m4",NA
"m4.12.b",1,0.0217606054245843,"near","m4",NA
"m4.13.a",1,0.0149343899853434,"pot","m4",NA
"m4.13.b",1,0.0156226307156672,"far","m4",NA
"m4.14.b",1,0.0203997964844028,"pot","m4",NA
"m4.15.a",1,0.0205706592354709,"near","m4",NA
"m4.16.a",0,0.0217318081807547,"near","m4",NA
"m4.16.b",1,0.0213373411783303,"far","m4",NA
"m4.17.a",1,0.02210062324507,"far","m4",NA
"m4.19.b",0,0.0225624503422047,"far","m4",NA
"m4.20.a",1,0.0225997005748165,"pot","m4",NA
"m4.21.a",1,0.0213124936229578,"pot","m4",0.0297
"m4.21.b",0,0.0222777339157993,"near","m4",NA
"m4.22.a",0,0.0205828061785273,"pot","m4",NA
"m4.22.b",0,0.0200908425663253,"far","m4",NA
"m4.23.a",0,0.0227928313344265,"near","m4",NA
"m4.23.b",1,0.0220039283136229,"pot","m4",NA
"m4.24.a",1,0.0220186320654775,"near","m4",NA
"m4.24.b",1,0.0191530422138664,"near","m4",NA
"m4.25.a",0,0.0232746076180302,"near","m4",NA
"m4.26.b",1,0.0203035650588498,"pot","m4",NA
"m4.28.a",0,0.0205948825941515,"far","m4",NA
"m4.29.b",1,0.0211475678469575,"pot","m4",NA
"m4.30.a",1,0.0234775921857245,"pot","m4",NA
"m4.31.a",1,0.0179684389284281,"pot","m4",0.0376
"m4.32.a",1,0.0227947588686768,"near","m4",NA
"m4.32.b",0,0.0229052615324756,"pot","m4",NA
"m4.33.a",0,0.0225649807727535,"near","m4",NA
"m4.34.b",0,0.0185978593365362,"far","m4",NA
"m4.35.b",1,0.0224958423912544,"pot","m4",NA
"m5.1.a",1,0.0175942039915481,"far","m5",NA
"m5.1.b",0,0.0187738510729794,"near","m5",NA
"m5.2.a",1,0.0190578650512115,"far","m5",0.0172
"m5.2.b",0,0.0191347143396101,"far","m5",NA
"m5.3.b",1,0.0164611503834475,"pot","m5",NA
"m5.4.a",1,0.0188589398495206,"pot","m5",NA
"m5.4.b",0,0.0180984587192029,"near","m5",NA
"m5.5.a",1,0.0193696087609511,"pot","m5",NA
"m5.5.b",0,0.0182816355809705,"far","m5",NA
"m5.6.b",1,0.0116781865860605,"pot","m5",0.0143
"m5.7.a",0,0.0148074898573139,"near","m5",NA
"m5.7.b",1,0.0151655475191346,"near","m5",NA
"m5.8.a",0,0.0187530932399347,"near","m5",NA
"m5.8.b",1,0.018678495313907,"far","m5",NA
"m5.9.a",1,0.0198400460583742,"far","m5",NA
"m5.10.a",1,0.0197792523419545,"far","m5",NA
"m5.10.b",0,0.0196519722693922,"near","m5",NA
"m5.11.a",1,0.0169098276923605,"far","m5",NA
"m5.11.b",0,0.016755624485867,"far","m5",NA
"m5.12.a",0,0.0186118743290644,"pot","m5",NA
"m5.12.b",0,0.0191478959240592,"pot","m5",NA
"m5.13.b",0,0.016636460131784,"near","m5",NA
"m5.14.a",0,0.0183377769368786,"pot","m5",NA
"m5.14.b",1,0.0176737605538678,"far","m5",0.0073
"m6.1.a",1,0.020918184436967,"near","m6",NA
"m6.1.b",1,0.02190586848197,"pot","m6",NA
"m6.2.a",1,0.0228661362945778,"near","m6",NA
"m6.2.b",0,0.0222054987647605,"near","m6",NA
"m6.3.a",1,0.0224676838070845,"near","m6",NA
"m6.3.b",0,0.0235304278374344,"far","m6",NA
"m6.4.a",0,0.022159749832693,"far","m6",NA
"m6.4.b",0,0.0218071262578518,"pot","m6",NA
"m6.5.a",0,0.0213904893277323,"far","m6",NA
"m6.5.b",1,0.0222359046748814,"near","m6",NA
"m6.6.a",1,0.0214388754615584,"far","m6",NA
"m6.6.b",1,0.0217995264637501,"far","m6",NA
"m6.7.b",1,0.019588238709982,"pot","m6",NA
"m6.8.a",1,0.0213083146971075,"pot","m6",0.0317
"m6.8.b",1,0.0217997558434578,"near","m6",NA
"m6.9.a",1,0.0230269674728998,"pot","m6",NA
"m6.9.b",1,0.0228348512048,"far","m6",NA
"m6.10.a",NA,0.0199261289972656,"near","m6",NA
"m6.10.b",0,0.019961278020833,"pot","m6",NA
"m6.11.a",0,0.021376474583047,"near","m6",NA
"m6.12.a",1,0.0192503511319528,"near","m6",NA
"m6.12.b",1,0.0210373248438479,"far","m6",NA
"m6.13.a",1,0.0214744589213686,"far","m6",NA
"m6.13.b",1,0.0220257890087696,"pot","m6",NA
"m6.14.b",1,0.0211988783882982,"near","m6",0.015
"m6.15.a",0,0.0236752153304225,"far","m6",NA
"m6.15.b",0,0.0227611048145236,"far","m6",NA
"m6.16.a",1,0.0221763935792937,"pot","m6",NA
"m6.17.b",1,0.0190586465025036,"near","m6",NA
"m6.18.a",0,0.0219644752016051,"pot","m6",NA
"m6.19.a",1,0.0212732902838341,"near","m6",NA
"m6.19.b",0,0.0212859494675582,"pot","m6",NA
"m6.20.a",1,0.0229007677507388,"near","m6",0.0015
"m6.20.b",0,0.0218633868386123,"near","m6",NA
"m6.21.a",0,0.0226059480119668,"near","m6",NA
"m6.21.b",0,0.0222003308739431,"far","m6",NA
"m6.22.a",0,0.0198545766346922,"far","m6",NA
"m6.22.b",1,0.0231751902266116,"pot","m6",0.0079
"m7.1.a",0,0.0209348525620746,"far","m7",NA
"m7.1.b",1,0.0224160922925224,"near","m7",NA
"m7.2.b",1,0.0234634243866843,"far","m7",0.0062
"m7.3.b",0,0.0247669379321134,"pot","m7",NA
"m7.4.b",1,0.0223965108175414,"near","m7",NA
"m7.5.a",1,0.0206657340145465,"pot","m7",NA
"m7.5.b",0,0.0209236480563908,"far","m7",NA
"m7.6.a",0,0.0223474168615076,"near","m7",NA
"m7.6.b",1,0.0225363693668655,"pot","m7",NA
"m7.7.b",0,0.0220550625997481,"near","m7",NA
"m7.8.b",0,0.0203367648693589,"far","m7",NA
"m7.9.a",0,0.0228829018061918,"far","m7",NA
"m7.9.b",0,0.0240787056159263,"pot","m7",NA
"m8.1.a",1,0.0219680928789559,"far","m8",NA
"m8.2.a",1,0.0224081719289367,"near","m8",NA
"m8.2.b",0,0.0224239586443231,"near","m8",NA
"m8.3.b",0,0.017089127706925,"pot","m8",NA
"m8.5.a",1,0.0223378989241454,"pot","m8",NA
"m8.5.b",1,0.0197092129698263,"far","m8",NA
"m8.6.a",0,0.0214009241489904,"near","m8",NA
"m8.6.b",1,0.021891303674915,"pot","m8",NA
"m8.7.b",0,0.0217921453818311,"near","m8",NA
"m8.8.a",1,0.0204806110250398,"near","m8",NA
"m8.8.b",0,0.0215615041502545,"far","m8",NA
"m8.9.b",1,0.0227112315583145,"pot","m8",NA
"m8.10.a",0,0.0196361653567646,"far","m8",NA
"m8.10.b",0,0.0208240053045481,"near","m8",NA
"m8.11.a",0,0.020905912672655,"far","m8",NA
"m8.11.b",1,0.0206033516612281,"far","m8",NA
"m8.12.a",0,0.020327133743439,"pot","m8",NA
"m8.12.b",1,0.0199671433522931,"pot","m8",NA
"m8.13.a",1,0.0214726633198377,"pot","m8",NA
"m8.14.a",0,0.0215054781934449,"pot","m8",NA
"m8.14.b",1,0.0203696823600593,"far","m8",NA
"m8.15.a",0,0.0223929338232706,"near","m8",NA
"m8.15.b",0,0.0219176202626906,"pot","m8",NA
"m8.16.b",0,0.0179586232356509,"near","m8",NA
"m8.17.a",1,0.0207600894488784,"near","m8",NA
"m8.17.b",1,0.0212754093891324,"far","m8",0.0066
"m8.18.b",0,0.0196452778547423,"pot","m8",NA
"m8.19.b",0,0.0191497959588242,"near","m8",NA
"m8.20.a",1,0.0227474075889216,"far","m8",NA
"m8.20.b",0,0.0218203483490247,"far","m8",NA
"m8.21.a",1,0.0206555138356838,"pot","m8",NA
"m8.21.b",0,0.0197188147991612,"pot","m8",NA
"m8.23.a",0,0.0166286970807372,"pot","m8",NA
"m8.23.b",1,0.0171433643413488,"far","m8",NA
"m8.24.b",0,0.0191077109957907,"pot","m8",NA
"m8.25.b",1,0.0225919955956158,"near","m8",NA
"m8.26.b",0,0.02253887304547,"far","m8",NA
"m8.27.a",0,0.0208782114820918,"far","m8",NA
"m8.27.b",1,0.0204005166983253,"pot","m8",0.0162
"m8.28.a",1,0.0198122925902776,"far","m8",NA
"m8.29.a",0,0.0200745596314597,"far","m8",NA
"m8.29.b",0,0.0200037375019341,"far","m8",NA
"m8.30.a",0,0.0205371746303455,"pot","m8",NA
"m8.30.b",1,0.0220060672414859,"pot","m8",NA
"m8.31.a",1,0.0207235270816916,"pot","m8",0.0059
"m8.32.a",0,0.0211114566206727,"pot","m8",NA
"m8.33.a",0,0.0209721325947599,"near","m8",NA
"m8.35.b",1,0.0208529252311528,"far","m8",NA
"m8.37.a",1,0.0219673571056131,"far","m8",NA
"m8.37.b",1,0.0225807211718586,"near","m8",NA
"m8.38.a",0,0.0217421070835261,"far","m8",NA
"m8.38.b",1,0.0227264497606494,"far","m8",NA
"m9.1.a",0,0.0220671161127902,"pot","m9",NA
"m9.1.b",0,0.0217294549686054,"pot","m9",NA
"m9.2.a",1,0.0192281378550524,"pot","m9",NA
"m9.5.a",1,0.0224107554020948,"near","m9",NA
"m9.5.b",0,0.0225212515971631,"near","m9",NA
"m9.6.b",1,0.0224271059937768,"far","m9",0.0176
"m9.7.a",0,0.0200865192575696,"far","m9",NA
"m9.7.b",0,0.0231114079993037,"pot","m9",NA
"m9.9.a",0,0.0213278667093358,"far","m9",NA
"m9.9.b",0,0.0227837154119183,"far","m9",NA
"m9.10.a",1,0.0207389935766501,"pot","m9",NA
"m9.10.b",1,0.0216067421317587,"pot","m9",NA
"m9.11.b",0,0.01875449783519,"near","m9",0.007
"m9.12.a",0,0.023349917644322,"pot","m9",NA
"m9.12.b",0,0.0234839047629188,"far","m9",NA
"m9.13.a",0,0.0227750996739243,"near","m9",NA
"m9.13.b",1,0.0227995683708293,"pot","m9",NA
"m9.14.a",0,0.0211093860212164,"near","m9",NA
"m9.14.b",0,0.0175103422900916,"near","m9",NA
"m9.15.a",0,0.0221314438681769,"near","m9",NA
"m9.16.b",1,0.0218296854260645,"pot","m9",NA
"m9.17.a",1,0.0224711589176032,"far","m9",NA
"m9.17.b",0,0.0229491969222086,"near","m9",NA
"m9.18.a",0,0.0214723505565994,"far","m9",NA
"m9.19.a",0,0.0173210696233533,"pot","m9",NA
"m9.19.b",1,0.0187868892538263,"pot","m9",NA
"m9.20.a",0,0.0208584399722407,"pot","m9",NA
"m9.20.b",NA,0.0231197418754622,"near","m9",NA
"m9.21.b",1,0.0197564721287996,"far","m9",0.0085
"m9.22.b",0,0.0226190911260882,"pot","m9",NA
"m9.23.b",0,0.0215866164171504,"near","m9",NA
"m9.24.a",1,0.0212092134568974,"near","m9",NA
"m9.24.b",0,0.0215469683525026,"far","m9",NA
"m9.25.a",1,0.0226164887505619,"far","m9",0.019
"m9.25.b",1,0.0219926313731416,"pot","m9",NA
"m9.26.a",1,0.0214113005181006,"far","m9",NA
"m9.26.b",0,0.0214369271744126,"near","m9",NA
"m9.27.a",0,0.0236215545571207,"far","m9",NA
"m9.27.b",1,0.0229923858933232,"far","m9",NA
"m9.28.a",1,0.0226145177760274,"pot","m9",NA
"m9.28.b",1,0.0232418901452641,"pot","m9",0.0131
"m10.1.b",0,0.0214795153383278,"near","m10",NA
"m10.2.a",1,0.0221530458802573,"pot","m10",NA
"m10.2.b",0,0.0222803639478459,"far","m10",NA
"m10.3.b",1,0.019977586444892,"pot","m10",NA
"m10.4.a",1,0.0215583639622613,"near","m10",0.0177
"m10.4.b",1,0.0215749823962227,"near","m10",NA
"m10.5.a",0,0.0198899975317073,"near","m10",NA
"m10.5.b",0,0.0196473097967325,"far","m10",NA
"m10.6.b",1,0.0194733433054749,"pot","m10",NA
"m10.7.b",0,0.0209511967118097,"near","m10",NA
"m10.8.b",1,0.0190826932193936,"far","m10",NA
"m10.9.a",0,0.0204885890393986,"pot","m10",NA
"m10.9.b",1,0.0213594745745957,"pot","m10",NA
"m10.10.a",1,0.0205426494998693,"pot","m10",0.0372
"m10.11.a",1,0.0223895918231158,"pot","m10",NA
"m10.11.b",0,0.0218366947837583,"far","m10",NA
"m10.12.a",1,0.020605539312471,"near","m10",NA
"m10.12.b",1,0.022708322619653,"pot","m10",NA
"m10.13.a",0,0.0162674122611832,"near","m10",NA
"m10.13.b",0,0.0192287033854376,"near","m10",NA
"m10.14.a",1,0.0221524295720865,"near","m10",NA
"m10.14.b",1,0.021362929438163,"far","m10",NA
"m11.1.a",1,0.0190459379166371,"pot","m11",NA
"m11.1.b",1,0.0196715097812388,"pot","m11",NA
"m11.2.a",1,0.0205566666030347,"pot","m11",NA
"m11.2.b",0,0.0202534265406315,"near","m11",NA
"m11.3.b",0,0.0197080189904544,"far","m11",NA
"m11.4.a",1,0.0188770156571262,"near","m11",NA
"m11.4.b",1,0.0185565362059043,"pot","m11",0.0188
"m11.5.a",1,0.0190089874619992,"near","m11",NA
"m11.5.b",1,0.0189653968225997,"near","m11",0.0124
"m11.6.a",1,0.0208126905425614,"near","m11",NA
"m11.6.b",1,0.0202016240420017,"far","m11",NA
"m11.7.b",0,0.0204036535780675,"pot","m11",NA
"r1.1.b",1,0.0147084803383865,"near","r1",0.0128
"r1.2.b",0,0.0181525249288297,"far","r1",NA
"r1.4.b",0,0.0177981928241736,"near","r1",NA
"r1.6.a",1,0.0198581687800449,"pot","r1",NA
"r1.7.a",1,0.0179557663139285,"pot","r1",NA
"r1.7.b",0,0.018689916109653,"near","r1",NA
"r1.8.b",0,0.0174735499644578,"far","r1",NA
"r1.9.b",1,0.0175552472686846,"pot","r1",NA
"r1.10.b",1,0.0186042166315054,"near","r1",NA
"r1.11.a",NA,0.0167335243650327,"near","r1",NA
"r1.11.b",0,0.0174149732887436,"far","r1",NA
"r1.12.b",0,0.018023833809431,"pot","r1",NA
"r1.13.b",0,0.0146064174447895,"near","r1",NA
"r1.14.b",0,0.0163936065638985,"far","r1",NA
"r1.15.a",1,0.0180619281485687,"pot","r1",NA
"r1.15.b",1,0.0185051246377895,"pot","r1",NA
"r1.16.a",1,0.017070451733321,"pot","r1",NA
"r1.16.b",0,0.0182628025969867,"near","r1",NA
"r1.17.a",1,0.0203954514380866,"pot","r1",NA
"r1.18.b",1,0.0181982262091302,"pot","r1",NA
"r1.20.a",0,0.0206367378458827,"near","r1",NA
"r1.20.b",NA,0.0192056282677392,"far","r1",NA
"r1.21.b",0,0.0169006015412117,"pot","r1",NA
"r1.22.b",0,0.0146845855003169,"near","r1",NA
"r1.23.b",0,0.0136009800465082,"far","r1",NA
"r1.24.b",0,0.0166048843446402,"pot","r1",NA
"r1.25.b",0,0.0196612713353716,"near","r1",NA
"r1.26.b",1,0.0178550636224476,"far","r1",NA
"m12.1.a",1,0.0137839842656514,"near","m12",NA
"m12.1.b",1,0.0139674562211113,"pot","m12",NA
"m12.2.a",1,0.017884292656426,"near","m12",NA
"m12.3.b",0,0.0170661639979741,"far","m12",NA
"m12.3.a",0,0.0166690612275037,"near","m12",NA
"m12.4.a",0,0.0213827392126257,"far","m12",NA
"m12.4.b",1,0.0209882198731346,"pot","m12",NA
"m12.5.a",1,0.0162047812216996,"far","m12",NA
"m12.5.b",1,0.0169997729110596,"near","m12",NA
"m12.6.a",1,0.0174791694916058,"far","m12",NA
"m12.6.b",0,0.0181295446448358,"far","m12",NA
"m12.7.a",1,0.0157511470934477,"pot","m12",NA
"m12.7.b",0,0.0155995090495401,"pot","m12",NA
"m12.8.b",1,0.0164714644670478,"near","m12",NA
"m12.9.b",0,0.0155026763320228,"far","m12",NA
"m12.10.a",0,0.0178112365936818,"near","m12",NA
"m12.10.b",0,0.0181819109184797,"pot","m12",NA
"m12.11.b",1,0.0142560018567779,"near","m12",NA
"m12.12.a",0,0.0141514568932524,"near","m12",NA
"m12.12.b",1,0.0151499687007158,"far","m12",NA
"m12.13.b",1,0.0166195730957877,"pot","m12",NA
"m12.14.a",0,0.0174854588271006,"far","m12",NA
"m12.15.a",0,0.0171710076949659,"far","m12",NA
"m12.15.b",1,0.0167905686696094,"far","m12",0.0039
"m12.16.a",1,0.0177139697412456,"pot","m12",NA
"m12.16.b",0,0.0189800139004693,"pot","m12",NA
"m12.17.a",1,0.0168750192232896,"pot","m12",NA
"m12.17.b",1,0.0167542845059323,"near","m12",NA
"m12.18.a",0,0.015802720607594,"pot","m12",NA
"m12.18.b",1,0.0165213217727995,"far","m12",0.0066
"m12.19.a",0,0.0185940577747365,"near","m12",NA
"m12.19.b",1,0.0180586362980486,"pot","m12",NA
"m12.20.a",0,0.0167022891984632,"near","m12",NA
"m12.20.b",1,0.0163755104830582,"near","m12",0.0039
"m12.21.a",0,0.0140234394468068,"near","m12",NA
"m12.21.b",0,0.0147666616711123,"far","m12",NA
"m12.22.b",1,0.0110400093925618,"pot","m12",NA
"m12.23.a",0,0.0180967255387051,"far","m12",NA
"m12.23.b",1,0.018614078697443,"near","m12",NA
"m12.24.a",1,0.0166941899319308,"far","m12",0.008
"m12.24.b",1,0.0172145183967736,"far","m12",NA
"m12.25.a",0,0.0177156874920981,"pot","m12",NA
"m12.25.b",1,0.017098465184319,"pot","m12",NA
"m12.26.b",1,0.0170577629320985,"near","m12",NA
"m12.27.a",0,0.0158002769383867,"pot","m12",NA
"m12.27.b",1,0.0160855682816828,"far","m12",0.0055
"m12.28.a",1,0.0190382253396917,"near","m12",NA
"m12.28.b",1,0.0196780458647135,"pot","m12",NA
"m12.29.b",0,0.0156888418165901,"near","m12",NA
"m12.30.b",0,0.0156117001547179,"far","m12",NA
"m12.31.a",1,0.0147093864366517,"far","m12",NA
"m12.31.b",1,0.0138286124598703,"pot","m12",NA
"m12.32.a",NA,0.0167338511186149,"far","m12",NA
"m12.32.b",1,0.0170563271830708,"near","m12",NA
"m12.33.a",1,0.0195892700843875,"far","m12",NA
"m12.33.b",0,0.0187611361584064,"far","m12",NA
"m12.34.b",0,0.015619492944265,"pot","m12",NA
"m13.1.a",1,0.021896760428959,"pot","m13",NA
"m13.1.b",1,0.0222632316568204,"near","m13",NA
"m13.2.a",0,0.0239468541922292,"pot","m13",NA
"m13.2.b",1,0.0235539759950248,"far","m13",NA
"m13.3.a",1,0.0216835204464919,"near","m13",0.0098
"m13.3.b",1,0.0217169024183965,"pot","m13",NA
"m13.4.a",0,0.0228168821221047,"near","m13",NA
"m13.4.b",0,0.0232237349779753,"near","m13",NA
"m13.5.a",1,0.0209014464926676,"near","m13",NA
"m13.5.b",0,0.0218185860958534,"far","m13",NA
"m13.6.a",1,0.0213127239528425,"far","m13",NA
"m13.6.b",1,0.0208061033336779,"pot","m13",0.0181
"m13.7.a",1,0.018367835781481,"far","m13",NA
"m13.8.a",0,0.0215462931519068,"far","m13",NA
"m13.9.a",0,0.0223039318742208,"pot","m13",NA
"m13.10.a",1,0.0191653586907794,"pot","m13",0.0119
"m13.12.a",0,0.0176060482594876,"near","m13",NA
"m13.12.b",0,0.0177012849668916,"pot","m13",NA
"m13.13.b",1,0.0230297712703069,"near","m13",NA
"m13.14.a",0,0.0151731611343651,"near","m13",NA
"m13.14.b",1,0.015198720766123,"far","m13",NA
"m13.15.a",1,0.0213446514300335,"far","m13",NA
"m13.15.b",0,0.0226284280418864,"pot","m13",NA
"m13.16.a",0,0.0232946844450949,"far","m13",NA
"m13.16.b",1,0.0228281442857751,"near","m13",0.004
"m13.17.a",1,0.0211678741547463,"far","m13",NA
"m13.17.b",1,0.0215597079453553,"far","m13",NA
"m13.18.b",0,0.0197224591776355,"pot","m13",NA
"m13.19.a",0,0.0229671636802413,"pot","m13",NA
"m13.19.b",1,0.0234429994507083,"near","m13",NA
"m13.20.a",0,0.019621010973831,"pot","m13",NA
"m13.20.b",1,0.0214393069286626,"far","m13",0.0084
"m13.21.a",1,0.0229947580113743,"near","m13",NA
"m13.21.b",0,0.0228668967186056,"pot","m13",NA
"m13.22.a",0,0.0150419134931131,"near","m13",NA
"m13.22.b",0,0.0149962567913569,"near","m13",NA
"m13.23.a",1,0.0212379358777559,"near","m13",0.0092
"m13.23.b",0,0.0206612846975044,"far","m13",NA
"m13.24.a",0,0.0177779719232244,"far","m13",NA
"m13.25.a",0,0.0199330153866231,"far","m13",NA
"m13.25.b",1,0.0199573237201254,"near","m13",NA
"m13.27.a",1,0.0161601794499536,"pot","m13",NA
"m13.27.b",1,0.0156676941180218,"pot","m13",0.003
"m13.28.a",0,0.0228880351142272,"pot","m13",NA
"m13.28.b",0,0.0227551267510455,"near","m13",NA
"m13.29.b",0,0.0164677299583188,"far","m13",NA
"m13.30.b",1,0.0232218895552115,"pot","m13",0.0061
"m13.31.a",1,0.0218585716416475,"near","m13",0.0124
"m13.31.b",0,0.0211536814010753,"near","m13",NA
"m13.32.a",1,0.0240800894640756,"near","m13",NA
"m13.32.b",0,0.0228846956276902,"far","m13",NA
"m13.33.a",0,0.020959214725491,"far","m13",NA
"m13.33.b",0,0.0231759492421762,"pot","m13",NA
"m13.34.a",0,0.0140717177997082,"far","m13",NA
"m13.35.a",0,0.0206287574649408,"far","m13",NA
"m13.35.b",0,0.0209636200555144,"far","m13",NA
"m13.36.b",1,0.0161691378193885,"pot","m13",NA
"m13.37.a",1,0.0208270823200622,"pot","m13",NA
"m13.37.b",0,0.0217726782593782,"near","m13",NA
"m13.38.a",1,0.0220685263882915,"pot","m13",NA
"m13.38.b",1,0.0176283483309731,"far","m13",NA
"m13.39.a",0,0.0175502210427226,"near","m13",NA
"m13.39.b",1,0.0169734792493586,"pot","m13",NA
"m13.40.a",1,0.0212684812822986,"near","m13",NA
"m13.40.b",0,0.0217264449648565,"near","m13",NA
"m13.41.a",0,0.0169266999273327,"near","m13",NA
"m13.41.b",1,0.0162122147420946,"far","m13",0.0117
"m13.42.a",1,0.0223448193887815,"far","m13",0.0058
"m13.42.b",1,0.0223997166371311,"pot","m13",NA
"m13.43.b",0,0.0227280140996989,"near","m13",NA
"m13.44.b",0,0.0194126338846567,"far","m13",NA
"m13.45.a",0,0.0230985665269533,"pot","m13",NA
"m13.45.b",0,0.0238098422334003,"pot","m13",NA
"m13.46.a",1,0.0184632863948322,"pot","m13",NA
"m13.46.b",0,0.018349346677662,"near","m13",NA
"m13.47.b",0,0.0222394012053523,"far","m13",NA
"m13.48.b",1,0.0219256335516071,"pot","m13",NA
"m13.49.b",0,0.0208873477316785,"near","m13",NA
"m13.50.b",0,0.0214854761782895,"far","m13",NA
"m13.51.a",0,0.0150754724143016,"far","m13",NA
"m13.51.b",0,0.0150006886237159,"pot","m13",NA
"m13.52.a",0,0.0220069195248586,"far","m13",NA
"m13.52.b",0,0.0195738692556622,"near","m13",NA
"m13.53.b",0,0.017195860573563,"far","m13",NA
"m13.54.a",0,0.0207780508721227,"pot","m13",NA
"m13.54.b",0,0.0192011845861616,"pot","m13",NA
"m13.55.a",1,0.0217058630421529,"pot","m13",NA
"m13.56.a",1,0.0212340051793439,"pot","m13",NA
"m13.58.a",0,0.0232207156436356,"near","m13",NA
"m13.58.b",0,0.023021521960184,"near","m13",NA
"m13.59.a",0,0.0207445775394562,"near","m13",NA
"m13.59.b",1,0.0219703699337265,"far","m13",NA
"m13.60.a",1,0.0211405356488585,"far","m13",NA
"m13.60.b",0,0.0220582323357495,"pot","m13",NA
"m13.62.a",0,0.0157502583422753,"far","m13",NA
"m13.62.b",0,0.015752552201837,"far","m13",NA
"m13.63.b",0,0.0160917248506567,"pot","m13",NA
"m13.64.a",0,0.0157076095161541,"pot","m13",NA
"m13.64.b",1,0.0157639552752468,"near","m13",NA
"m13.65.a",0,0.0188741514184512,"pot","m13",NA
"m13.65.b",0,0.0197704189861632,"far","m13",NA
"m13.66.a",1,0.0210972755366745,"near","m13",NA
"m13.66.b",1,0.0213658861157756,"pot","m13",NA
"m13.67.b",0,0.0228705300012455,"near","m13",NA
"m13.68.a",1,0.020723119553583,"near","m13",NA
"m13.68.b",0,0.0217224350312835,"far","m13",NA
"m13.69.a",1,0.0212085010978084,"far","m13",NA
"m13.69.b",0,0.0215633710020249,"pot","m13",NA
"m13.70.a",1,0.0217227023007218,"far","m13",0.0043
"m13.70.b",1,0.0221379457641828,"near","m13",NA
"m13.71.a",1,0.0202129631509456,"far","m13",NA
"m13.71.b",0,0.0202534314882515,"far","m13",NA
"m13.72.b",0,0.0159347646925811,"pot","m13",NA
"m13.73.b",1,0.0193530907380038,"near","m13",NA
"m13.74.a",1,0.0165449582366801,"pot","m13",NA
"m13.74.b",0,0.0166156625352724,"far","m13",NA
"m13.75.b",1,0.0211892017560146,"pot","m13",NA
"m13.76.a",0,0.0147649772536977,"near","m13",NA
"m13.76.b",0,0.0141200744069121,"near","m13",NA
"m13.77.b",0,0.0204522024948939,"far","m13",NA
"m13.78.b",0,0.0210412747813859,"pot","m13",NA
"m13.79.a",0,0.0176680263490476,"far","m13",NA
"m13.79.b",1,0.0176406596757424,"near","m13",NA
"m13.80.a",1,0.0164990766531645,"far","m13",NA
"m13.80.b",0,0.0172146635822343,"far","m13",NA
"m13.81.a",1,0.0194054825076354,"pot","m13",NA
"m13.81.b",1,0.0208976832852876,"pot","m13",NA
"m13.82.a",0,0.0198748511269616,"pot","m13",NA
"m13.82.b",0,0.021960526369621,"near","m13",NA
"m13.83.a",0,0.0209385768508088,"pot","m13",NA
"m13.83.b",0,0.0218547281473777,"far","m13",NA
"m13.84.a",NA,0.0220132215024937,"near","m13",NA
"m13.84.b",1,0.02071475109232,"pot","m13",0.0135
"m13.85.a",0,0.0229946557321661,"near","m13",NA
"m13.85.b",NA,0.0234692753519434,"near","m13",NA
"m13.86.a",0,0.0184827312703724,"near","m13",NA
"m13.86.b",0,0.017677128394304,"far","m13",NA
"m13.87.a",1,0.0193051517240106,"far","m13",NA
"m13.87.b",1,0.0197621958330455,"pot","m13",NA
"m13.88.a",0,0.0215597136489104,"far","m13",NA
"m13.88.b",0,0.02164525957032,"near","m13",NA
"m13.89.a",0,0.0219605997367545,"far","m13",NA
"m13.89.b",0,0.0217316967071716,"far","m13",NA
"m13.90.a",0,0.0215826233170015,"pot","m13",NA
"m13.90.b",0,0.0222471099593493,"pot","m13",NA
"m13.91.a",1,0.0222219866667814,"pot","m13",NA
"m13.91.b",1,0.020765775310407,"near","m13",NA
"m13.92.a",1,0.020895148118707,"pot","m13",NA
"m13.92.b",0,0.0223938074416805,"far","m13",NA
"m13.93.b",1,0.0149614753737864,"pot","m13",NA
"m13.94.a",1,0.0209537215810418,"near","m13",0.0134
"m13.95.a",1,0.0212116744819232,"near","m13",NA
"m13.95.b",1,0.0212622752581225,"far","m13",NA
"m13.96.a",1,0.0162071185448029,"far","m13",0.0122
"m13.96.b",0,0.0162847310751563,"pot","m13",NA
"m13.97.a",1,0.0215052883094138,"far","m13",0.0119
"m13.97.b",0,0.0222252413288861,"near","m13",NA
"m13.98.a",1,0.0167078142418347,"far","m13",NA
"m13.98.b",0,0.0149495630117534,"far","m13",NA
"m13.99.a",1,0.0227238289128539,"pot","m13",NA
"m13.99.b",1,0.0227170557582379,"pot","m13",NA
"m13.100.a",0,0.0213129669833528,"pot","m13",NA
"m13.100.b",0,0.0221082477833691,"near","m13",NA
"m13.101.a",1,0.0232854291416768,"pot","m13",NA
"m13.101.b",0,0.0235293560889013,"far","m13",NA
"m13.102.b",1,0.0228963972690982,"pot","m13",0.0069
"m13.103.a",1,0.0219108489253929,"near","m13",0.0024
"m13.103.b",1,0.0225472887543342,"near","m13",NA
"m13.104.a",1,0.0200546570267185,"near","m13",0.0207
"m13.104.b",1,0.0203711967544032,"far","m13",NA
"m13.105.a",0,0.0234495277520715,"far","m13",NA
"m13.106.a",1,0.0165968188567963,"far","m13",NA
"m13.106.b",0,0.0160077762744761,"near","m13",NA
"m13.107.a",0,0.0146376345549832,"far","m13",NA
"m13.107.b",1,0.0166901173246489,"far","m13",NA
"m13.108.a",1,0.0154154828502079,"pot","m13",NA
"m13.108.b",0,0.01582043334999,"pot","m13",NA
"m14.1.a",0,0.0220411509573084,"pot","m14",NA
"m14.1.b",0,0.0226052131484181,"near","m14",NA
"m14.2.b",0,0.0181834172109635,"near","m14",NA
"m14.3.a",1,0.022319973645661,"near","m14",NA
"m14.3.b",1,0.0224004758323201,"far","m14",NA
"m14.4.a",1,0.0204287668984539,"near","m14",NA
"m14.5.b",1,0.0192878689895888,"pot","m14",NA
"m14.6.a",1,0.0183267017838783,"near","m14",0.0185
"m14.6.b",1,0.0165809146831843,"near","m14",0.0065
"m14.7.a",1,0.0216562293661368,"far","m14",NA
"m14.7.b",1,0.0211480850507599,"far","m14",NA
"m14.8.b",1,0.0253429854277761,"near","m14",NA
"m14.9.b",0,0.0191599640514754,"near","m14",NA
"m14.10.a",0,0.0197961040077407,"far","m14",NA
"m14.10.b",1,0.0212253270139925,"near","m14",NA
"m14.11.a",1,0.0203868330982271,"near","m14",NA
"m14.12.a",0,0.019462638217183,"near","m14",NA
"m14.12.b",1,0.0198146909739369,"pot","m14",NA
"m14.13.a",1,0.0202875508004911,"pot","m14",NA
"m14.13.b",1,0.0209311706836805,"pot","m14",NA
"m14.14.a",0,0.0210233065160341,"near","m14",NA
"m14.14.b",0,0.0201559660713079,"near","m14",NA
"m14.15.a",0,0.02215895300586,"far","m14",NA
"m14.15.b",0,0.0210926942259172,"far","m14",NA
"m14.16.a",0,0.0196826386186693,"near","m14",NA
"m14.16.b",0,0.0200744579179077,"near","m14",NA
"m14.17.b",0,0.0213493283379455,"near","m14",NA
"m14.18.a",1,0.0195513436630573,"far","m14",NA
"m14.18.b",1,0.0213023996629546,"near","m14",0.0101
"m14.19.a",1,0.0207554214935914,"near","m14",NA
"m14.19.b",0,0.0211851738207929,"far","m14",NA
"m14.20.b",1,0.0196832703818308,"pot","m14",NA
"m14.21.a",1,0.0198824924860784,"pot","m14",NA
"m14.21.b",0,0.0198708623386692,"pot","m14",NA
"m14.22.a",1,0.0201051876061393,"near","m14",NA
"m14.23.a",1,0.0178873625626803,"far","m14",NA
"m14.23.b",0,0.0186823270433804,"far","m14",NA
"m14.24.a",1,0.0208224994096803,"near","m14",NA
"m14.24.b",0,0.0213398367082802,"near","m14",NA
"m14.25.a",0,0.0217189531739576,"pot","m14",NA
"m14.25.b",1,0.0211144336759566,"near","m14",NA
"m14.26.a",0,0.0184574875399267,"far","m14",NA
"m14.26.b",1,0.0187164026383107,"near","m14",NA
"m14.27.a",1,0.0216858480699562,"near","m14",NA
"m14.27.b",1,0.0218020079132668,"far","m14",NA
"m14.28.a",1,0.0213054185487468,"near","m14",0.0038
"m14.28.b",1,0.0207117966054008,"pot","m14",NA
"m14.29.a",0,0.0191446847114974,"pot","m14",NA
"m14.29.b",0,0.0191195260049543,"pot","m14",NA
"m14.30.b",0,0.018353637043922,"near","m14",NA
"m14.31.a",1,0.020168875061625,"far","m14",NA
"m14.31.b",1,0.0204757681305021,"far","m14",0.0101
"m14.32.a",0,0.0217392473403721,"near","m14",NA
"m14.32.b",1,0.0211554187012324,"near","m14",NA
"m14.33.a",0,0.01906133189057,"pot","m14",NA
"m14.33.b",1,0.020789454791587,"near","m14",NA
"m14.34.a",0,0.0212873984911205,"far","m14",NA
"m14.34.b",0,0.0191157230153888,"near","m14",NA
"m14.35.a",0,0.0209094688674482,"near","m14",NA
"m14.35.b",1,0.0216889801422935,"far","m14",NA
"m14.36.a",1,0.0210070612879721,"near","m14",NA
"m14.36.b",0,0.019929584953458,"pot","m14",NA
"m14.37.a",0,0.0223446633694706,"pot","m14",NA
"m14.37.b",1,0.0212720730818815,"pot","m14",NA
"m14.38.a",0,0.0206099372336074,"near","m14",NA
"m14.39.a",1,0.0198680824183538,"far","m14",NA
"m14.39.b",0,0.0195227147081347,"far","m14",NA
"m14.40.a",1,0.0199807887034589,"near","m14",NA
"m14.40.b",1,0.0215810054255871,"near","m14",NA
"m14.41.b",1,0.0166993281687972,"near","m14",NA
"m14.42.a",1,0.0191067470970436,"far","m14",NA
"m14.42.b",0,0.0209510557443044,"near","m14",NA
"m14.43.a",1,0.0204536860914655,"near","m14",NA
"m14.43.b",1,0.0213498635592361,"far","m14",NA
"m14.44.b",0,0.0191739928159618,"pot","m14",NA
"m14.45.a",1,0.0219178128214649,"pot","m14",NA
"m14.45.b",1,0.0214366874330201,"pot","m14",NA
"m14.46.a",1,0.0204847812376782,"near","m14",NA
"m14.46.b",1,0.0203400303855936,"near","m14",NA
"m14.47.b",0,0.0195763681385714,"far","m14",NA
"m14.48.a",1,0.0199793695633124,"near","m14",NA
"m14.48.b",0,0.0198486490007961,"near","m14",NA
"m14.49.b",0,0.020231356634025,"near","m14",NA
"m14.50.a",1,0.0212267294922862,"far","m14",NA
"m14.50.b",1,0.0217792493605739,"near","m14",NA
"m14.51.a",0,0.0199139755703916,"near","m14",NA
"m14.52.b",1,0.0193203914767874,"pot","m14",NA
"m14.53.a",1,0.0204253406857272,"pot","m14",NA
"m14.53.b",0,0.0199326584348541,"pot","m14",NA
"m14.54.a",0,0.0225426978473083,"near","m14",NA
"m14.55.b",0,0.0204881170996153,"far","m14",NA
"m14.56.a",1,0.0218286030174716,"near","m14",NA
"m14.56.b",1,0.0212161734533906,"near","m14",0.0062
"m14.57.a",0,0.0202576285235251,"pot","m14",NA
"m14.57.b",0,0.0211794867269697,"near","m14",NA
"m14.59.a",1,0.0190127718950497,"near","m14",NA
"m14.59.b",0,0.0201652775874692,"far","m14",NA
"m14.60.b",0,0.0213698431081351,"pot","m14",NA
"m14.61.a",0,0.0211536863889389,"pot","m14",NA
"m14.61.b",1,0.0204716553312817,"pot","m14",NA
"m14.62.a",1,0.0213387119925921,"near","m14",0.0033
"m14.62.b",1,0.021917253836482,"near","m14",NA
"m14.63.a",0,0.0171123415892634,"far","m14",NA
"m14.63.b",1,0.016625355953964,"far","m14",0.0136
"m14.64.a",1,0.0204205944423578,"near","m14",NA
"m14.64.b",0,0.0220545473894386,"near","m14",NA
"m14.65.b",1,0.0187983199128527,"near","m14",NA
"m14.66.a",0,0.0204988504846349,"far","m14",NA
"m14.66.b",1,0.0207935563114868,"near","m14",NA
"m14.67.a",0,0.0223479625517307,"near","m14",NA
"m14.67.b",0,0.0220506286989654,"far","m14",NA
"m14.68.a",1,0.0202140051775279,"near","m14",NA
"m14.68.b",0,0.0220539955063202,"pot","m14",NA
"m14.69.a",0,0.0220846308186832,"pot","m14",NA
"m14.69.b",0,0.021177097329515,"pot","m14",NA
"m14.70.a",NA,0.0215562540800701,"near","m14",NA
"m14.70.b",1,0.021353319889348,"near","m14",NA
"m14.71.a",1,0.0199863627774183,"far","m14",0.0036
"m14.71.b",0,0.0194407842901837,"far","m14",NA
"m14.72.a",1,0.0210747084983871,"near","m14",0.0041
"m14.72.b",1,0.0220510999450933,"near","m14",NA
"m14.73.a",1,0.0221633026821797,"pot","m14",NA
"m14.73.b",1,0.0225980603893657,"near","m14",NA
"m14.74.a",0,0.0192720436804684,"far","m14",NA
"m14.74.b",0,0.0182712270255868,"near","m14",NA
"m14.75.a",1,0.0200767136385226,"near","m14",NA
"m14.75.b",1,0.0203080731527679,"far","m14",NA
"m14.76.a",1,0.0204342210098651,"near","m14",NA
"m14.76.b",1,0.0195057753679872,"pot","m14",0.036
"m14.77.b",0,0.0189012486113723,"pot","m14",NA
"m14.78.b",0,0.0173984600351478,"near","m14",NA
"m14.79.a",1,0.0206078568140057,"far","m14",NA
"m14.79.b",1,0.0204194243037986,"far","m14",0.0085
"m14.80.a",1,0.0214264948936079,"near","m14",NA
"m14.80.b",0,0.0217616521120251,"near","m14",NA
"m14.81.a",1,0.0201590147521686,"pot","m14",0.0152
"m14.81.b",0,0.0202546108033975,"near","m14",NA
"m14.83.a",1,0.0202434449790033,"near","m14",NA
"m14.83.b",1,0.0208477269511674,"far","m14",NA
"m14.84.a",1,0.0206859620291088,"near","m14",NA
"m14.84.b",0,0.0204056091561342,"pot","m14",NA
